[
    {
        "id": "card1",
        "name": "Ace of Hearts",
        "suit": "Hearts",
        "rank": "Ace",
        "stars": 11,
        "level": 2,
        "atk": 1600,
        "def": 1200,
        "effect": "When this card inflicts battle damage to your opponent, draw one card.",
        "image": "images/ace_of_hearts.png",
        "suitRank": "A♥",
        "type": "Trickster"
    },
    {
        "id": "card2",
        "name": "Queen of Diamonds",
        "suit": "Diamonds",
        "rank": "Queen",
        "stars": 3,
        "level": 7,
        "atk": 2500,
        "def": 2000,
        "effect": "Cannot be destroyed by battle with Trickster-type creatures.",
        "image": "images/queen_of_diamonds.png",
        "suitRank": "Q♦",
        "type": "Taker"
    },
    {
        "id": "card3",
        "name": "Ten of Clubs",
        "suit": "Clubs",
        "rank": "Ten",
        "stars": 10,
        "level": 2,
        "atk": 1500,
        "def": 1300,
        "effect": "When this card is summoned, you can gain 500 Life Points.",
        "image": "images/ten_of_clubs.png",
        "suitRank": "10♣",
        "type": "Trickster"
    },
    {
        "id": "DF001",
        "name": "Flamewing Dragon",
        "suit": "Diamonds",
        "rank": "King",
        "stars": 4,
        "level": 7,
        "atk": 3000,
        "def": 2500,
        "effect": "Effect 1: This creature cannot be destroyed by battle with creatures of Level 5 or lower.\nEffect 2: When this card destroys an opponent's creature by battle, inflict 500 damage to your opponent.",
        "image": "images/flamewing_dragon.png",
        "suitRank": "K♦",
        "type": "Taker"
    },
    {
        "id": "DF002",
        "name": "Ember Wyrm",
        "suit": "Diamonds",
        "rank": "Queen",
        "stars": 3,
        "level": 8,
        "atk": 3500,
        "def": 3000,
        "effect": "When this card is summoned, you can destroy one Spell or Trap card on the field.",
        "image": "images/ember_wyrm.png",
        "suitRank": "Q♦",
        "type": "Taker"
    },
    {
        "id": "DF003",
        "name": "Inferno Salamander",
        "suit": "Diamonds",
        "rank": "Jack",
        "stars": 2,
        "level": 7,
        "atk": 2800,
        "def": 2200,
        "effect": "Once per turn, you can inflict 300 damage to your opponent for each 'Fire' creature you control.",
        "image": "images/inferno_salamander.png",
        "suitRank": "J♦",
        "type": "Taker"
    },
    {
        "id": "DF004",
        "name": "Blaze Phoenix",
        "suit": "Diamonds",
        "rank": "Ace",
        "stars": 11,
        "level": 5,
        "atk": 1800,
        "def": 1500,
        "effect": "If this card is destroyed by battle or card effect, you can Special Summon it from the graveyard during your next Standby Phase.",
        "image": "images/blaze_phoenix.png",
        "suitRank": "A♦",
        "type": "Taker"
    },
    {
        "id": "DF005",
        "name": "Firebrand Knight",
        "suit": "Diamonds",
        "rank": "Ten",
        "stars": 10,
        "level": 4,
        "atk": 1700,
        "def": 1300,
        "effect": "When this card attacks, it gains 500 ATK during the Damage Step only.",
        "image": "images/firebrand_knight.png",
        "suitRank": "10♦",
        "type": "Taker"
    },
    {
        "id": "DF006",
        "name": "Scorching Mage",
        "suit": "Diamonds",
        "rank": "Nine",
        "stars": 0,
        "level": 3,
        "atk": 1400,
        "def": 1200,
        "effect": "Once per turn, you can discard one card to destroy one creature on the field with DEF 1500 or less.",
        "image": "images/scorching_mage.png",
        "suitRank": "9♦",
        "type": "Taker"
    },
    {
        "id": "DF007",
        "name": "Lava Golem",
        "suit": "Hearts",
        "rank": "King",
        "stars": 4,
        "level": 7,
        "atk": 2500,
        "def": 2200,
        "effect": "Cannot be Normal Summoned or Set. Must be Special Summoned by sending two 'Fire' creatures you control to the graveyard. During each of your Standby Phases, inflict 500 damage to your opponent.",
        "image": "images/lava_golem.png",
        "suitRank": "K♥",
        "type": "Trickster"
    },
    {
        "id": "DF008",
        "name": "Ashen Guardian",
        "suit": "Hearts",
        "rank": "Queen",
        "stars": 3,
        "level": 6,
        "atk": 2300,
        "def": 1900,
        "effect": "If this card is destroyed by battle, you can add one 'Fire' creature from your deck to your hand.",
        "image": "images/ashen_guardian.png",
        "suitRank": "Q♥",
        "type": "Taker"
    },
    {
        "id": "DF009",
        "name": "Fire Elemental",
        "suit": "Hearts",
        "rank": "Jack",
        "stars": 2,
        "level": 5,
        "atk": 2100,
        "def": 1700,
        "effect": "If this card inflicts battle damage to your opponent, gain 300 Life Points.",
        "image": "images/fire_elemental.png",
        "suitRank": "J♥",
        "type": "Taker"
    },
    {
        "id": "DF010",
        "name": "Molten Golem",
        "suit": "Hearts",
        "rank": "Ten",
        "stars": 10,
        "level": 3,
        "atk": 1600,
        "def": 1400,
        "effect": "When this card is summoned, inflict 300 damage to both players.",
        "image": "images/molten_golem.png",
        "suitRank": "10♥",
        "type": "Trickster"
    },
    {
        "id": "DF011",
        "name": "Ember Sprite",
        "suit": "Hearts",
        "rank": "Eight",
        "stars": 0,
        "level": 3,
        "atk": 1300,
        "def": 1000,
        "effect": "When this card inflicts battle damage to your opponent, you can Special Summon one 'Ember Sprite' from your hand or deck.",
        "image": "images/ember_sprite.png",
        "suitRank": "8♥",
        "type": "Trickster"
    },
    {
        "id": "DF012",
        "name": "Flame Imp",
        "suit": "Hearts",
        "rank": "Seven",
        "stars": 0,
        "level": 2,
        "atk": 1100,
        "def": 800,
        "effect": "When this card is sent to the graveyard, inflict 200 damage to your opponent.",
        "image": "images/flame_imp.png",
        "suitRank": "7♥",
        "type": "Trickster"
    },
    {
        "id": "DF013",
        "name": "Dragon's Breath",
        "type": "Spell",
        "effect": "Destroy all creatures your opponent controls with DEF 2000 or less.",
        "image": "images/dragons_breath.png"
    },
    {
        "id": "DF014",
        "name": "Inferno Blast",
        "type": "Quick-Play Spell",
        "effect": "Inflict 500 damage to your opponent for each 'Fire' creature you control.",
        "image": "images/inferno_blast.png"
    },
    {
        "id": "DF015",
        "name": "Flame Barrier",
        "type": "Continuous Spell",
        "effect": "Reduce battle damage to your 'Fire' creatures by 500.",
        "image": "images/flame_barrier.png"
    },
    {
        "id": "DF016",
        "name": "Molten Core",
        "type": "Spell",
        "effect": "Add one Level 5 or higher 'Fire' creature from your deck to your hand.",
        "image": "images/molten_core.png"
    },
    {
        "id": "DF017",
        "name": "Flame Trap",
        "type": "Trap",
        "effect": "When an opponent's creature declares an attack, destroy that creature and inflict 300 damage to your opponent.",
        "image": "images/flame_trap.png"
    },
    {
        "id": "DF018",
        "name": "Phoenix Rebirth",
        "type": "Continuous Trap",
        "effect": "Once per turn, when a 'Fire' creature you control is destroyed, you can Special Summon it during your next Standby Phase.",
        "image": "images/phoenix_rebirth.png"
    },
    {
        "id": "DF019",
        "name": "Ashes to Ashes",
        "type": "Trap",
        "effect": "When a 'Fire' creature you control is destroyed, inflict 500 damage to your opponent.",
        "image": "images/ashes_to_ashes.png"
    },
    {
        "id": "DF020",
        "name": "Burning Chains",
        "type": "Continuous Trap",
        "effect": "Your opponent's creatures cannot attack for their next two Battle Phases.",
        "image": "images/burning_chains.png"
    },
    {
        "id": "MF001",
        "name": "Forest Guardian",
        "suit": "Diamonds",
        "rank": "King",
        "stars": 4,
        "level": 7,
        "atk": 2800,
        "def": 2500,
        "effect": "Gains 200 ATK for each 'Forest' creature you control.",
        "image": "images/forest_guardian.png",
        "suitRank": "K♦",
        "type": "Taker"
    },
    {
        "id": "MF002",
        "name": "Sylvan Dryad",
        "suit": "Diamonds",
        "rank": "Queen",
        "stars": 3,
        "level": 8,
        "atk": 3500,
        "def": 3000,
        "effect": "When this card is Normal Summoned, you can add one 'Forest's Blessing' from your deck to your hand.",
        "image": "images/sylvan_dryad.png",
        "suitRank": "Q♦",
        "type": "Taker"
    },
    {
        "id": "MF003",
        "name": "Woodland Archer",
        "suit": "Diamonds",
        "rank": "Jack",
        "stars": 2,
        "level": 7,
        "atk": 2800,
        "def": 2200,
        "effect": "Once per turn, you can inflict 300 damage to your opponent for each 'Forest' creature you control.",
        "image": "images/woodland_archer.png",
        "suitRank": "J♦",
        "type": "Taker"
    },
    {
        "id": "MF004",
        "name": "Mystic Unicorn",
        "suit": "Diamonds",
        "rank": "Ten",
        "stars": 10,
        "level": 5,
        "atk": 1700,
        "def": 1300,
        "effect": "If this card destroys an opponent's creature by battle, gain 500 Life Points.",
        "image": "images/mystic_unicorn.png",
        "suitRank": "10♦",
        "type": "Taker"
    },
    {
        "id": "MF005",
        "name": "Faerie Messenger",
        "suit": "Diamonds",
        "rank": "Nine",
        "stars": 0,
        "level": 3,
        "atk": 1400,
        "def": 1200,
        "effect": "When this card is summoned, you can draw one card.",
        "image": "images/faerie_messenger.png",
        "suitRank": "9♦",
        "type": "Taker"
    },
    {
        "id": "MF006",
        "name": "Squirrel Scout",
        "suit": "Diamonds",
        "rank": "Eight",
        "stars": 0,
        "level": 2,
        "atk": 1300,
        "def": 1000,
        "effect": "When this card is sent from the field to the graveyard, add one Level 4 or lower 'Forest' creature from your deck to your hand.",
        "image": "images/squirrel_scout.png",
        "suitRank": "8♦",
        "type": "Taker"
    },
    {
        "id": "MF007",
        "name": "Wolf Pack Leader",
        "suit": "Spades",
        "rank": "King",
        "stars": 4,
        "level": 6,
        "atk": 2300,
        "def": 1900,
        "effect": "All Beast-type creatures you control gain 300 ATK.",
        "image": "images/wolf_pack_leader.png",
        "suitRank": "K♠",
        "type": "Trickster"
    },
    {
        "id": "MF008",
        "name": "Bear Warrior",
        "suit": "Spades",
        "rank": "Queen",
        "stars": 3,
        "level": 6,
        "atk": 2400,
        "def": 2000,
        "effect": "If this card attacks a Defense Position creature, inflict piercing battle damage.",
        "image": "images/bear_warrior.png",
        "suitRank": "Q♠",
        "type": "Taker"
    },
    {
        "id": "MF009",
        "name": "Owl Sage",
        "suit": "Spades",
        "rank": "Jack",
        "stars": 2,
        "level": 5,
        "atk": 2100,
        "def": 1800,
        "effect": "Once per turn, you can look at the top two cards of your deck and rearrange them in any order.",
        "image": "images/owl_sage.png",
        "suitRank": "J♠",
        "type": "Taker"
    },
    {
        "id": "MF010",
        "name": "Entling",
        "suit": "Spades",
        "rank": "Nine",
        "stars": 0,
        "level": 3,
        "atk": 1500,
        "def": 1600,
        "effect": "Gains 500 DEF for each 'Forest' creature in your graveyard.",
        "image": "images/entling.png",
        "suitRank": "9♠",
        "type": "Trickster"
    },
    {
        "id": "MF011",
        "name": "Forest Nymph",
        "suit": "Spades",
        "rank": "Seven",
        "stars": 0,
        "level": 2,
        "atk": 1100,
        "def": 800,
        "effect": "When this card is Normal Summoned, you can Special Summon one 'Forest Nymph' from your hand or deck.",
        "image": "images/forest_nymph_spades.png",
        "suitRank": "7♠",
        "type": "Trickster"
    },
    {
        "id": "MF012",
        "name": "Forest Nymph",
        "suit": "Clubs",
        "rank": "Seven",
        "stars": 0,
        "level": 2,
        "atk": 1100,
        "def": 800,
        "effect": "When this card is Normal Summoned, you can Special Summon one 'Forest Nymph' from your hand or deck.",
        "image": "images/forest_nymph_clubs.png",
        "suitRank": "7♣",
        "type": "Trickster"
    },
    {
        "id": "MF013",
        "name": "Growth Spurt",
        "type": "Spell",
        "effect": "Increase the ATK and DEF of all 'Forest' creatures you control by 500 until the end of the turn.",
        "image": "images/growth_spurt.png"
    },
    {
        "id": "MF014",
        "name": "Forest's Blessing",
        "type": "Continuous Spell",
        "effect": "Once per turn, you can gain 300 Life Points for each 'Forest' creature you control.",
        "image": "images/forests_blessing.png"
    },
    {
        "id": "MF015",
        "name": "Nature's Wrath",
        "type": "Spell",
        "effect": "Destroy all Spell and Trap cards your opponent controls.",
        "image": "images/natures_wrath.png"
    },
    {
        "id": "MF016",
        "name": "Enchanted Grove",
        "type": "Field Spell",
        "effect": "All 'Forest' creatures gain 200 ATK and DEF. Once per turn, you can Special Summon one Level 4 or lower 'Forest' creature from your hand.",
        "image": "images/enchanted_grove.png"
    },
    {
        "id": "MF017",
        "name": "Vine Trap",
        "type": "Trap",
        "effect": "When an opponent's creature declares an attack, negate the attack and change that creature to Defense Position. It cannot change its position until the end of your next turn.",
        "image": "images/vine_trap.png"
    },
    {
        "id": "MF018",
        "name": "Nature's Shield",
        "type": "Continuous Trap",
        "effect": "Reduce battle damage to your 'Forest' creatures by 500.",
        "image": "images/natures_shield.png"
    },
    {
        "id": "MF019",
        "name": "Beast Ambush",
        "type": "Trap",
        "effect": "When a 'Forest' creature you control is targeted for an attack, Special Summon one Level 4 or lower Beast-type creature from your hand.",
        "image": "images/beast_ambush.png"
    },
    {
        "id": "MF020",
        "name": "Mystic Fog",
        "type": "Trap",
        "effect": "Your opponent cannot declare attacks during their next Battle Phase.",
        "image": "images/mystic_fog.png"
    }
]
